- name: VIII Simpósio de Otimização e Análise Numérica
  key: viiisimposio
  venue: Centro politécnico - UFPR
  date: 2016-02-22
  dateend: 2016-02-24
  datesub: 2016-01-01
  keywords: "Numerical Analysis, Optimization"
  url: "http://www.mat.ufpr.br/verao/2016/m4_otimiza.html"

- name: XI Brazilian Workshop on Continuous Optimization
  acro: BrazOptXI
  key: brazoptxi
  venue: "UFAM, Manaus"
  date: 2016-05-22
  dateend: 2016-05-27
  datesub: 2016-02-29
  keywords: "Optimization"
  url: "http://www.impa.br/opencms/en/eventos/store_2016/evento_1602"

- name: 14th EUROPT Workshop on Advances in Continuous Optimization
  acro: EUROPT2016
  key: europt2016
  venue: Warsaw (Poland)
  date: 2016-07-01
  dateend: 2016-07-02
  datesub: 2016-03-15
  keywords: "Optimization"
  url: "http://www.europt2016.ia.pw.edu.pl/"

- name: Fifth International Conference on Continuous Optimization
  acro: ICCOPT2016
  key: iccopt2016
  venue: Tokyo, Japan
  date: 2016-08-06
  dateend: 2016-08-11
  datesub: 2016-04-15
  keywords: "Optimization"
  url: "http://www.iccopt2016.tokyo/"

- name: IV Colóquio de Matemática da Região Sul
  key: ivcoloquio
  venue: Universidade Federal do Rio Grande, RS
  date: 2016-05-02
  dateend: 2016-05-06
  datesub: 2016-03-06
  url: "http://www.sbm.org.br/coloquio-sul-4/"

- name: 2° Simpósio de Matemática da Região Sul
  key: 2simposio
  venue: Universidade Federal do Rio Grande, RS
  date: 2016-04-01
  dateend: 2016-04-03
  datesub: 2016-01-01
  url: "http://anpmat.sbm.org.br/simposio-sul-2/"

- name: XIV International Conference on Stochastic Programming
  acro: ICSP2016
  key: icsp2016
  venue: Búzios, RJ
  date: 2016-06-25
  dateend: 2016-07-01
  datesub: 2016-01-15
  url: "http://icsp2016.sciencesconf.org/"

- name: JuliaCon 2016
  key: juliacon2016
  venue: MIT, Cambridge, MA, United Stats
  date: 2016-06-21
  dateend: 2016-06-25
  datesub: 2016-03-18
  url: "http://juliacon.org/"

- name: Workshop on Nonlinear Optimization Algorithms and Industrial Applications
  key: wstoronto
  venue: Fields Institute, Toronto, Canada
  date: 2016-06-02
  dateend: 2016-06-04
  datesub: 2016-03-15
  url: "http://www.fields.utoronto.ca/programs/scientific/15-16/algorithms/"

- name: Optimization Days and PROMETHEE Days
  key: optdays
  venue: HEC Montréal, Canada
  date: 2016-05-02
  dateend: 2016-05-04
  datesub: 2016-02-29
  url: "https://symposia.gerad.ca/jopt2016/en/home"
